<?xml version="1.0" encoding="UTF-8"?>
<project-private xmlns="http://www.netbeans.org/ns/project-private/1">
    <editor-bookmarks xmlns="http://www.netbeans.org/ns/editor-bookmarks/2" lastBookmarkId="0"/>
    <open-files xmlns="http://www.netbeans.org/ns/projectui-open-files/2">
        <group>
            <file>file:/C:/Users/Vitty/Documents/NetBeansProjects/PenaVictor/src/interfaces/JTablePropaganda.java</file>
            <file>file:/C:/Users/Vitty/Documents/NetBeansProjects/PenaVictor/src/interfaces/JTableUsuarios.java</file>
            <file>file:/C:/Users/Vitty/Documents/NetBeansProjects/PenaVictor/src/interfaces/FormularioMain.java</file>
            <file>file:/C:/Users/Vitty/Documents/NetBeansProjects/PenaVictor/src/modelos/Usuarios.java</file>
            <file>file:/C:/Users/Vitty/Documents/NetBeansProjects/PenaVictor/src/gestores/GestorUsuarios.java</file>
        </group>
    </open-files>
</project-private>
